clinic_name,state,total_appointments,total_revenue,avg_wait_days,avg_satisfaction
HealthFirst Melbourne Central,VIC,2602,465353.59,30.050730207532666,3.0000000001071703
HealthFirst Adelaide,SA,1860,278270.24,23.156451612903226,3.7388637034837933
HealthFirst Perth West,WA,1417,178241.82,16.46012702893437,4.456512564523051
HealthFirst Hobart,TAS,1161,167565.5,25.455641688199826,3.4924582137022
HealthFirst Canberra,ACT,1229,162677.5,16.497152156224573,4.452544560867246
HealthFirst Darwin,NT,1190,125344.29,17.003361344537815,4.39829383826782
HealthFirst Sydney CBD,NSW,969,120829.19,15.212590299277606,4.590211775473215
HealthFirst Brisbane North,QLD,666,48879.94,11.38888888888889,5.0
