bucket,leakage_amount,pct_of_gross
Bucket 3: No-Show Loss,298799.25,19.31273108317605
Bucket 2: Private Ins. Reject/Partial,43674.14,2.8228548803552305
Bucket 4: Self-Pay Defaults,42370.92,2.738621946697543
Bucket 1: Medicare Rejections,21662.05,1.4001151152833007
Bucket 5: Bulk Bill Erosion,8125.0848592206685,0.52516055148771
