bucket,Aggressive (75% fix),Conservative (20% fix),Moderate (50% fix)
"Bulk Bill
Erosion",6093.813644415502,1625.0169718441339,4062.5424296103342
"Medicare
Rejections",16246.537499999999,4332.41,10831.025
"No-Show
Loss",224099.4375,59759.850000000006,149399.625
"Private Ins.
Reject/Partial",32755.605,8734.828,21837.07
"Self-Pay
Defaults",31778.19,8474.184,21185.46
