specialty,completed_appointments,avg_billed,avg_cost,avg_margin,total_revenue,total_cost,total_profit,bulk_bill_count,margin_pct,bulk_billing_rate,avg_wait_days,no_show_rate
GP,4456,61.41782989228007,17.987719928186714,43.43010996409336,273677.85,80153.28,193524.57,2029,70.71254396364193,45.534111310592465,13.574607491655334,16.47916924218074
Mental Health,1325,183.99871698113208,54.98556981132076,129.01314716981133,243798.30000000002,72855.88,170942.42,449,70.11632976932161,33.886792452830186,53.169593147751605,16.18843683083512
Dermatology,1311,173.72752097635393,45.17374523264683,128.5537757437071,227756.78,59222.78,168534.0,345,73.99735805889071,26.31578947368421,19.634074695761644,16.281997482165337
Cardiology,860,256.1181627906977,65.00268604651163,191.11547674418605,220261.62,55902.31,164359.31,245,74.62004047731965,28.488372093023255,27.363636363636363,17.101080737444374
Orthopaedics,648,300.2627932098766,75.3162037037037,224.94658950617287,194570.29,48804.9,145765.39,143,74.91657128125779,22.067901234567902,27.336401673640168,17.489539748953973
Oncology,494,334.51957489878544,79.76374493927126,254.7558299595142,165252.67,39403.29,125849.38,147,76.15573170466776,29.75708502024291,27.348130841121495,13.551401869158877
Paediatrics,886,129.54590293453725,34.86025959367946,94.68564334085778,114777.67,30886.19,83891.48,335,73.09041906844772,37.81038374717833,19.526182965299686,16.340694006309146
Emergency,1114,96.11031418312388,30.039838420107717,66.07047576301615,107066.89,33464.38,73602.51,538,68.74441762528079,48.29443447037702,7.486391129032258,17.1875
